﻿<?xml version="1.0" encoding="UTF-8"?>
<customUI onLoad="Ribbon_Load" xmlns="http://schemas.microsoft.com/office/2006/01/customui">
    <ribbon>
        <tabs>
            <tab idMso="TabHome">
                <group id="groupCta" insertAfterMso="GroupEditing" label="CTA">
                    <button id="button_showTaskForm" imageMso="NewIssueTrackerTool" onAction="button_showTaskForm_Click" label="Show TLX Pane" size="large" />
                    <button id="button_refreshProgressBars" imageMso="PivotTableDoNotRepeatItemLabels" onAction="button_refreshProgressBars_Click" screentip="Update Progress Bar Shapes" supertip="Update all progress bar shapes on the diagram page to show the percentage of tasks that have been fully rated." label="Update Progress" size="large" />
                    <button id="button_SaveToExcel" imageMso="SaveAsExcelTemplate" onAction="button_SaveToExcel_Click" screentip="Save Data to Excel" label="Save Data" size="large" />
                    <menu id="menu_DataGraphics" imageMso="DataGraphicsGalleryVisio" label="Data Graphics" size="large">
                        <button id="button_clearDataGraphics" imageMso="RemoveDataGraphic" onAction="button_applyDataGraphic_Click" label="Clear Data Graphics" />
                        <menuSeparator id="separator1" />
                        <button id="button_applyVisual_AllItemsRated" onAction="button_applyDataGraphic_Click" label="All Items Rated" />
                        <button id="button_applyVisualAverageRating" onAction="button_applyDataGraphic_Click" label="Average Rating" />
                        <menuSeparator id="separator2" />
                        <button id="button_applyVisual_Cog_MentalDemand" imageMso="DataGraphicsGalleryVisio" onAction="button_applyDataGraphic_Click" label="Apply: DG - Cognitive Mental Demand" />
                        <button id="button_applyVisual_Cog_PhysicalDemand" imageMso="DataGraphicsGalleryVisio" onAction="button_applyDataGraphic_Click" label="Apply: DG - Cognitive Physical Demand" />
                        <button id="button_applyVisual_Cog_TemporalDemand" imageMso="DataGraphicsGalleryVisio" onAction="button_applyDataGraphic_Click" label="Apply: DG - Cognitive Temporal Demand" />
                        <button id="button_applyVisual_Cog_Performance" imageMso="DataGraphicsGalleryVisio" onAction="button_applyDataGraphic_Click" label="Apply: DG - Cognitive Performance" />
                        <button id="button_applyVisual_Cog_Effort" imageMso="DataGraphicsGalleryVisio" onAction="button_applyDataGraphic_Click" label="Apply: DG - Cognitive Effort" />
                        <button id="button_applyVisual_Cog_Frustration" imageMso="DataGraphicsGalleryVisio" onAction="button_applyDataGraphic_Click" label="Apply: DG - Cognitive Frustration" />
                        <menuSeparator id="separator3" />
                        <button id="button_applyVisual_Obs_Importance" imageMso="DataGraphicsGalleryVisio" onAction="button_applyDataGraphic_Click" label="Apply: DG - Observable Importance" />
                        <button id="button_applyVisual_Obs_Difficulty" imageMso="DataGraphicsGalleryVisio" onAction="button_applyDataGraphic_Click" label="Apply: DG - Observable Difficulty" />
                        <button id="button_applyVisual_Obs_Duration" imageMso="DataGraphicsGalleryVisio" onAction="button_applyDataGraphic_Click" label="Apply: DG - Observable Duration" />
                        <button id="button_applyVisual_Obs_Frequency" imageMso="DataGraphicsGalleryVisio" onAction="button_applyDataGraphic_Click" label="Apply: DG - Observable Frequency" />
                        <button id="button_applyVisual_Obs_Complexity" imageMso="DataGraphicsGalleryVisio" onAction="button_applyDataGraphic_Click" label="Apply: DG - Observable Complexity" />
                        <menuSeparator id="separator4" />
                        <button id="button_applyVisual01" imageMso="DataGraphicsGalleryVisio" onAction="button_applyDataGraphic_Click" label="Apply Visual 01" />
                        <button id="button_applyVisual02" imageMso="DataGraphicsGalleryVisio" onAction="button_applyDataGraphic_Click" label="Apply Visual 02" />
                        <button id="button_applyVisual03" imageMso="DataGraphicsGalleryVisio" onAction="button_applyDataGraphic_Click" label="Apply Visual 03" />
                        <button id="button_applyVisual04" imageMso="DataGraphicsGalleryVisio" onAction="button_applyDataGraphic_Click" label="Apply Visual 04" />
                    </menu>
                    <menu id="menu_TodoFunctions" label="Functions" size="large">
                        <button id="button_NewCtaDiagram" imageMso="NewNotebookMenu" onAction="button_NewCtaDiagram_Click" label="New CTA Diagram" />
                        <button id="button_gotoConfigPage" imageMso="CurrentViewSettings" onAction="button_gotoConfigPage_Click" label="Go to config Page" />
                        <button id="button_separator01" enabled="false" label="——————————" />
                        <button id="button_viewCurrentData" onAction="button_viewCurrentData_Click" label="View Current Data..." />
                        <button id="button_checkExcelFile" imageMso="GroupInkCreate" onAction="button_checkExcelFile_Click" label="Check Excel File" />
                        <button id="button_ViewCurrentDataFile" imageMso="MicrosoftExcel" onAction="button_ViewCurrentDataFile_Click" label="View Current Data File..." />
                        <button id="button_refreshShapesFromData" imageMso="RefreshMeetingDetails" onAction="button_refreshShapesFromData_Click" screentip="Refresh Shape Data Fields from Data File" supertip="Refreshes the data in all task shapes on the page with corresponding data in the Excel data file (if matching Descriptions are found.)" label="Refresh Rating Values..." />
                        <button id="button_ClearAllRatingsOnPage" imageMso="ClearAll" onAction="button_ClearAllRatingsOnPage_Click" screentip="Clear All Rating Values for All Task Shapes on Page" supertip="Clears all ratings in all task shapes on the current page. This prepares a document for use by an end-user." label="Clear Rating Values..." />
                        <button id="button_separator02" enabled="false" label="——————————" />
                        <button id="button_updateCategoriesAndConnColors" imageMso="RefreshMeetingDetails" onAction="button_updateCategories_Click" screentip="Update Layer and Container Categores and Connector Colors" supertip="Updates shape categories based on layers and containers, and links connector colors to the colors of shapes they are glued to." label="Update Categories &amp;&amp; Connector Colors" />
                        <button id="button_dropMany" imageMso="ShapesDuplicate" onAction="button_dropMany_Click" screentip="Add Many Tasks at Once" supertip="Add multiple cognitive and observable task shapes from the data source in one operation." label="Add Multiple Tasks..." />
                        <button id="button_separator03" enabled="false" label="——————————" />
                        <button id="button_highlightAllIssues" imageMso="InkSelectHighlighter" onAction="button_highlightAllIssues_Click" label="Highlight All Issues" />
                        <button id="button_highlightDuplicates" imageMso="GroupInkPens" onAction="button_highlightDuplicates_Click" label="Highlight Duplicate-description Shapes" />
                        <button id="button_highlightDisconnections" imageMso="InkTool" onAction="button_highlightDisconnections_Click" label="Highlight Disconnections" />
                        <button id="button_deleteAllHighlights" imageMso="GroupPrintPreviewPreview" onAction="button_deleteHighlights_Click" label="Delete All Issue Highlights" />
                        <button id="button_separator04" enabled="false" label="——————————" />
                        <button id="button_reportFlowOrder" imageMso="PivotTableDoNotRepeatItemLabels" onAction="button_reportFlowOrder_Click" label="Report Flow Order" />
                        <button id="button_reportFlowOrder_Cog" imageMso="PivotTableDoNotRepeatItemLabels" onAction="button_reportFlowOrder_Cog_Click" label="Report Flow Order (Cognitive Tasks)" />
                        <button id="button_reportFlowOrder_Obs" imageMso="PivotTableDoNotRepeatItemLabels" onAction="button_reportFlowOrder_Obs_Click" label="Report Flow Order (Observable Tasks)" />
                        <button id="button_separator05" enabled="false" label="——————————" />
                        <button id="button_reportUnusedTasks" imageMso="PivotTableDoNotRepeatItemLabels" onAction="button_reportUnusedTasks_Click" label="Report Unused Tasks" />
                        <button id="button_reportUnused_Cog" imageMso="PivotTableDoNotRepeatItemLabels" onAction="button_reportUnused_Cog_Click" label="Report Unused Cognitive Tasks" />
                        <button id="button_reportUnused_Obs" imageMso="PivotTableDoNotRepeatItemLabels" onAction="button_reportUnused_Obs_Click" label="Report Unused Observable Tasks" />
                    </menu>
                    <button id="button_AddCognitiveTask" imageMso="ShapeStar" onAction="button_AddCognitiveTask_Click" screentip="Add Cognitive Task Shape" supertip="Add Cognitive Task Shape" label="Cognitive" size="large" />
                    <button id="button_AddObservableTask" imageMso="DrawFilledRectangle" onAction="button_AddObservableTask_Click" screentip="Add Observable Task Shape" supertip="Add Observable Task Shape" label="Observable" size="large" />
                    <button id="button_AddCtaConnector" onAction="button_AddCtaConnector_Click" supertip="Add Connector Shape" label="Connector" size="large" />
                    <button id="button_Help" imageMso="Help" onAction="button_Help_Click" label="Help" size="large" />
                    <dialogBoxLauncher>
                        <button id="groupCta__btn" />
                    </dialogBoxLauncher>
                </group>
            </tab>
        </tabs>
    </ribbon>
</customUI>