<?xml version="1.0" encoding="utf-8"?>
<DataMappings xmlns:xsi="http://www.w3.org/2001/XMLSchema-instance" xmlns:xsd="http://www.w3.org/2001/XMLSchema">

  <!--
  
    Maybe just name this Excel Data Configuration
    <mapping>
      <table name="">
        <column ExcelName="">
        ...
        
  
    Table: Observable Tasks
    Fields: Task Number,Task Text/Description,Importance,Difficulty,Duration,Frequency,Complexity,
            Task is Current,Current on date,Task is Accurate,Accurate on date

    
    Table: Cognitive Tasks
    Fields: Task Number,Task Text/Description,Mental Demand,Physical Demand,Temporal Demand,Performance,Effort,Frustration,
            Task is Current,Current on date,Task is Accurate,Accurate on date
       
      -->
  
<mapping name="SNL CTA Standard Excel File">
  
    <column dbname="(Asset) Last Update Date" 
			visname="Last Updated" 
			iskey="false" required="true" hidden="false" />
    <column dbname="(Asset Location) Location Name" 
			visname="Location" 
			iskey="false" required="true" hidden="false" />
    <column dbname="(Asset) Cabinet Location" 
			visname="Cabinet" 
			iskey="false" required="true" hidden="false" />	
			
	  <column dbname="(Asset) Shelf Location" 
			  visname="Shelf" 
			  iskey="false" required="true" hidden="false" />
	  <column dbname="(Asset Model) Model Name" 
			  visname="Model" 
			  iskey="false" required="false" hidden="false" />
    <column dbname="(Asset) Asset Name"
			  visname="Asset Name"
			  iskey="false" required="false" hidden="false" />
    <column dbname="(Asset Asset Version Portfolio Status) Value" 
			  visname="Status" 
			  iskey="false" required="false" hidden="false" />
			
	  <column dbname="(Asset Asset Type) Value" 
			  visname="Type" 
			  iskey="false" required="false" hidden="false" />
	  <!-- key -->
	  <column dbname="(Asset) Serial Number" 
			  visname="S/N" 
			  iskey="true" required="true" hidden="false" />
			
	  <column dbname="(Asset) Alt Asset ID" 
			  visname="Alt ID" 
			  iskey="false" required="true" hidden="false" />

    <column dbname="(Asset) Slot Location" 
			  visname="Slot" 
			  iskey="false" required="true" hidden="false" />

    <!-- (Asset Asset Version Portfolio Status) Value -->
    <column dbname="(Asset Asset Version Portfolio Status) Value"
			  visname="Status"
			  iskey="false" required="true" hidden="false" />
    <column dbname="Watts"
			  visname="Power"
			  iskey="false" required="true" hidden="false" />
			  
  </mapping>
  <!--<mapping name="SNL CTA Some Other Mapping">
    
    <requiredtable>Rack Data</requiredtable>
    
    <column dbname="Last Update Date" visname="Last Updated" iskey="false" required="true" hidden="true" />
    <column dbname="Location Name" visname="Location" iskey="false" required="true" hidden="false" />
    <column dbname="Cabinet Location" visname="Cabinet" iskey="false" required="true" hidden="false" />
    
    <column dbname="Shelf Location" visname="Shelf" iskey="false" required="true" hidden="false" />    
    <column dbname="Model Name" visname="Model" iskey="false" required="true" hidden="false" />
    <column dbname="Value" visname="Status" iskey="false" required="true" hidden="false" />
    
    <column dbname="Value2" visname="Type" iskey="false" required="true" hidden="false" />    
    <column dbname="Serial Number" visname="S/N" iskey="true" required="true" hidden="false" />
    <column dbname="Alt Asset ID" visname="Alt ID" iskey="false" required="false" hidden="false" />
    
  </mapping>-->

  <mapping name="Mapping-Site-Plan-1">

    <!--<requiredtable>Rack Data</requiredtable>-->
    <!--
    Total Rack U
    Consumed Rack U	Rack CPU Utilization (Average)
    Estimated faceplate consumption (kWs)
    Actual physical consumption (Environet - kWs)
    Available Power?
    Cabinet
    Estimated available power (kWs)
    Available Rack U
    -->
    <column dbname="Cabinet" visname="Cabinet" iskey="true" required="true" hidden="false" />
    
    <column dbname="Total Rack U" visname="Total Rack U" iskey="false" required="true" hidden="false" />
    <column dbname="Consumed Rack U" visname="Consumed Rack U" iskey="false" required="true" hidden="false" />

    <column dbname="Available Rack U" visname="Available Rack U" iskey="false" required="true" hidden="false" />
    <column dbname="Estimated available power (kWs)" visname="Estimated available power (kWs)" iskey="false" required="true" hidden="false" />
    
    <!--
    <column dbname="" visname="" iskey="false" required="true" hidden="false" />
    <column dbname="" visname="" iskey="false" required="true" hidden="false" />
    <column dbname="" visname="" iskey="false" required="true" hidden="false" />
    <column dbname="" visname="" iskey="false" required="true" hidden="false" />
    -->

  </mapping>
  
  
  
</DataMappings>